seed,alpha,error,prop_dim,cw_coverage_lo_0,cw_coverage_hi_0,mv_coverage_0,volume_0,cw_coverage_lo_1,cw_coverage_hi_1,mv_coverage_1,volume_1
12.0,0.4,0.22679674855713347,5.0,0.53056,1.0,0.922,0.13129875526761353,0.9690799999999999,0.9999999999999999,0.9999999999999999,8.584213073837519e-78
12.0,0.4,0.22679674855713347,10.0,0.53056,1.0,0.922,0.13129875526761353,0.94972,0.9999999999999999,0.9999999999999999,1.2993769557926978e-37
12.0,0.4,0.22679674855713347,15.0,0.53056,1.0,0.922,0.13129875526761353,0.9116866666666666,0.9999999999999999,0.9999999999999999,3.1495467548644362e-24
12.0,0.4,0.22679674855713347,20.0,0.53056,1.0,0.922,0.13129875526761353,0.9020100000000002,0.9999999999999999,0.9999999999999999,1.5303258823084397e-17
12.0,0.4,0.22679674855713347,25.0,0.53056,1.0,0.922,0.13129875526761353,0.8723200000000001,0.9999999999999999,0.9999999999999999,1.5283765414005928e-13
12.0,0.4,0.22679674855713347,30.0,0.53056,1.0,0.922,0.13129875526761353,0.86775,0.9999999999999999,0.9999999999999999,7.067755292606989e-11
12.0,0.4,0.22679674855713347,35.0,0.53056,1.0,0.922,0.13129875526761353,0.8507571428571428,0.9999999999999999,0.9999999999999999,5.612147727847662e-9
12.0,0.4,0.22679674855713347,40.0,0.53056,1.0,0.922,0.13129875526761353,0.83375,0.9999999999999999,0.9999999999999999,1.474424940988758e-7
12.0,0.4,0.22679674855713347,45.0,0.53056,1.0,0.922,0.13129875526761353,0.8149599999999999,0.9999999999999999,0.9998999999999999,1.8624447866081989e-6
12.0,0.4,0.22679674855713347,50.0,0.53056,1.0,0.922,0.13129875526761353,0.797078,0.9999999999999999,0.9994,1.3921718419646124e-5
12.0,0.4,0.22679674855713347,55.0,0.53056,1.0,0.922,0.13129875526761353,0.7692418181818181,0.9999999999999999,0.9989999999999999,7.216979294869994e-5
12.0,0.4,0.22679674855713347,60.0,0.53056,1.0,0.922,0.13129875526761353,0.7419466666666665,0.9999999999999999,0.9984999999999999,0.0002787296757143279
12.0,0.4,0.22679674855713347,65.0,0.53056,1.0,0.922,0.13129875526761353,0.7124276923076922,0.9999999999999999,0.9979,0.0008699691047189995
12.0,0.4,0.22679674855713347,70.0,0.53056,1.0,0.922,0.13129875526761353,0.6537000000000001,0.9999999999999999,0.9962000000000001,0.0023057471098383185
12.0,0.4,0.22679674855713347,75.0,0.53056,1.0,0.922,0.13129875526761353,0.6118506666666667,0.9999999999999999,0.9932,0.005310847191299678
12.0,0.4,0.22679674855713347,80.0,0.53056,1.0,0.922,0.13129875526761353,0.55666,0.9999999999999999,0.9879,0.010803229226195048
12.0,0.4,0.22679674855713347,85.0,0.53056,1.0,0.922,0.13129875526761353,0.5085835294117648,0.9999999999999999,0.9818,0.020107819269859134
12.0,0.4,0.22679674855713347,90.0,0.53056,1.0,0.922,0.13129875526761353,0.4021944444444445,0.9999999999999999,0.9702999999999999,0.034365443857927815
12.0,0.4,0.22679674855713347,95.0,0.53056,1.0,0.922,0.13129875526761353,0.2950357894736842,0.9999999999999999,0.9494999999999999,0.05421144711124302
12.0,0.4,0.22679674855713347,100.0,0.53056,1.0,0.922,0.13129875526761353,0.120647,0.9999999999999999,0.9220000000000002,0.07910300789192114
12.0,0.45,0.22679674855713347,5.0,0.53469,1.0,0.925,0.13262461038028195,0.9739999999999999,0.9999999999999999,0.9999999999999999,1.0317546955998816e-77
12.0,0.45,0.22679674855713347,10.0,0.53469,1.0,0.925,0.13262461038028195,0.9497900000000001,0.9999999999999999,0.9999999999999999,1.444215572976677e-37
12.0,0.45,0.22679674855713347,15.0,0.53469,1.0,0.925,0.13262461038028195,0.9348333333333333,0.9999999999999999,0.9999999999999999,3.3704939616580645e-24
12.0,0.45,0.22679674855713347,20.0,0.53469,1.0,0.925,0.13262461038028195,0.91531,0.9999999999999999,0.9999999999999999,1.5981150112984146e-17
12.0,0.45,0.22679674855713347,25.0,0.53469,1.0,0.925,0.13262461038028195,0.893048,0.9999999999999999,0.9999999999999999,1.592833550706545e-13
12.0,0.45,0.22679674855713347,30.0,0.53469,1.0,0.925,0.13262461038028195,0.8645966666666667,0.9999999999999999,0.9999999999999999,7.321512007535586e-11
12.0,0.45,0.22679674855713347,35.0,0.53469,1.0,0.925,0.13262461038028195,0.8743485714285715,0.9999999999999999,0.9999999999999999,5.760977792183641e-9
12.0,0.45,0.22679674855713347,40.0,0.53469,1.0,0.925,0.13262461038028195,0.8431374999999999,0.9999999999999999,0.9997999999999999,1.5072231398037164e-7
12.0,0.45,0.22679674855713347,45.0,0.53469,1.0,0.925,0.13262461038028195,0.8087377777777778,0.9999999999999999,0.9999999999999999,1.8967985813069552e-6
12.0,0.45,0.22679674855713347,50.0,0.53469,1.0,0.925,0.13262461038028195,0.8046239999999999,0.9999999999999999,0.9994,1.423736164042806e-5
12.0,0.45,0.22679674855713347,55.0,0.53469,1.0,0.925,0.13262461038028195,0.7810872727272727,0.9999999999999999,0.9991,7.295416708800308e-5
12.0,0.45,0.22679674855713347,60.0,0.53469,1.0,0.925,0.13262461038028195,0.7323083333333333,0.9999999999999999,0.9987999999999999,0.0002826400204091498
12.0,0.45,0.22679674855713347,65.0,0.53469,1.0,0.925,0.13262461038028195,0.7093600000000001,0.9999999999999999,0.9983,0.0008909140243831504
12.0,0.45,0.22679674855713347,70.0,0.53469,1.0,0.925,0.13262461038028195,0.66324,0.9999999999999999,0.9969000000000001,0.0023416624501811176
12.0,0.45,0.22679674855713347,75.0,0.53469,1.0,0.925,0.13262461038028195,0.6187213333333333,0.9999999999999999,0.9940000000000002,0.005336173357759238
12.0,0.45,0.22679674855713347,80.0,0.53469,1.0,0.925,0.13262461038028195,0.5658775,0.9999999999999999,0.9892999999999998,0.010996083453320885
12.0,0.45,0.22679674855713347,85.0,0.53469,1.0,0.925,0.13262461038028195,0.49992470588235294,0.9999999999999999,0.9822,0.0202787783051249
12.0,0.45,0.22679674855713347,90.0,0.53469,1.0,0.925,0.13262461038028195,0.4039577777777778,0.9999999999999999,0.9717,0.034423124403142685
12.0,0.45,0.22679674855713347,95.0,0.53469,1.0,0.925,0.13262461038028195,0.3083673684210526,0.9999999999999999,0.9542,0.05513668280222504
12.0,0.45,0.22679674855713347,100.0,0.53469,1.0,0.925,0.13262461038028195,0.07748999999999999,0.9999999999999999,0.9250000000000002,0.07910734353857134
12.0,0.5,0.22679674855713347,5.0,0.53892,1.0,0.927,0.13407630810693263,0.96754,0.9999999999999999,0.9999999999999999,1.320625573916463e-77
12.0,0.5,0.22679674855713347,10.0,0.53892,1.0,0.927,0.13407630810693263,0.9287300000000002,0.9999999999999999,0.9999999999999999,1.6378047724533467e-37
12.0,0.5,0.22679674855713347,15.0,0.53892,1.0,0.927,0.13407630810693263,0.9327199999999999,0.9999999999999999,0.9999999999999999,3.616582636010262e-24
12.0,0.5,0.22679674855713347,20.0,0.53892,1.0,0.927,0.13407630810693263,0.9281649999999999,0.9999999999999999,0.9999999999999999,1.690467180141534e-17
12.0,0.5,0.22679674855713347,25.0,0.53892,1.0,0.927,0.13407630810693263,0.9033359999999999,0.9999999999999999,0.9999999999999999,1.6642377004626173e-13
12.0,0.5,0.22679674855713347,30.0,0.53892,1.0,0.927,0.13407630810693263,0.8706833333333333,0.9999999999999999,0.9999999999999999,7.598468985573272e-11
12.0,0.5,0.22679674855713347,35.0,0.53892,1.0,0.927,0.13407630810693263,0.8554857142857142,0.9999999999999999,0.9999999999999999,5.958400270854578e-9
12.0,0.5,0.22679674855713347,40.0,0.53892,1.0,0.927,0.13407630810693263,0.8445525,0.9999999999999999,0.9998999999999999,1.5478104796683334e-7
12.0,0.5,0.22679674855713347,45.0,0.53892,1.0,0.927,0.13407630810693263,0.828368888888889,0.9999999999999999,0.9998999999999999,1.931816274985753e-6
12.0,0.5,0.22679674855713347,50.0,0.53892,1.0,0.927,0.13407630810693263,0.8082220000000001,0.9999999999999999,0.9996999999999999,1.4526128724920732e-5
12.0,0.5,0.22679674855713347,55.0,0.53892,1.0,0.927,0.13407630810693263,0.7720672727272727,0.9999999999999999,0.9992,7.476369468019212e-5
12.0,0.5,0.22679674855713347,60.0,0.53892,1.0,0.927,0.13407630810693263,0.7180483333333333,0.9999999999999999,0.9987999999999999,0.00028874008639094594
12.0,0.5,0.22679674855713347,65.0,0.53892,1.0,0.927,0.13407630810693263,0.7058092307692307,0.9999999999999999,0.9983,0.0009000483656467469
12.0,0.5,0.22679674855713347,70.0,0.53892,1.0,0.927,0.13407630810693263,0.6607,0.9999999999999999,0.9965,0.0023974262944413717
12.0,0.5,0.22679674855713347,75.0,0.53892,1.0,0.927,0.13407630810693263,0.6344853333333335,0.9999999999999999,0.9950000000000001,0.005438113448767139
12.0,0.5,0.22679674855713347,80.0,0.53892,1.0,0.927,0.13407630810693263,0.5750287500000001,0.9999999999999999,0.9904,0.011099166274000469
12.0,0.5,0.22679674855713347,85.0,0.53892,1.0,0.927,0.13407630810693263,0.49157529411764705,0.9999999999999999,0.9844999999999999,0.020644928675533327
12.0,0.5,0.22679674855713347,90.0,0.53892,1.0,0.927,0.13407630810693263,0.4087933333333333,0.9999999999999999,0.9742999999999999,0.03499111751818071
12.0,0.5,0.22679674855713347,95.0,0.53892,1.0,0.927,0.13407630810693263,0.2993,0.9999999999999999,0.9567999999999999,0.05540915504589257
12.0,0.5,0.22679674855713347,100.0,0.53892,1.0,0.927,0.13407630810693263,0.150472,0.9999999999999999,0.927,0.08119489158800243
12.0,0.55,0.22679674855713347,5.0,0.54294,1.0,0.932,0.13532769833916208,0.96278,0.9999999999999999,0.9999999999999999,1.6134014397445196e-77
12.0,0.55,0.22679674855713347,10.0,0.54294,1.0,0.932,0.13532769833916208,0.93327,0.9999999999999999,0.9999999999999999,1.7937981190604888e-37
12.0,0.55,0.22679674855713347,15.0,0.54294,1.0,0.932,0.13532769833916208,0.9295066666666667,0.9999999999999999,0.9999999999999999,3.86040388126971e-24
12.0,0.55,0.22679674855713347,20.0,0.54294,1.0,0.932,0.13532769833916208,0.9022999999999999,0.9999999999999999,0.9999999999999999,1.7903154104450034e-17
12.0,0.55,0.22679674855713347,25.0,0.54294,1.0,0.932,0.13532769833916208,0.876732,0.9999999999999999,0.9999999999999999,1.7257060631230304e-13
12.0,0.55,0.22679674855713347,30.0,0.54294,1.0,0.932,0.13532769833916208,0.8584666666666667,0.9999999999999999,0.9999999999999999,7.742060112690781e-11
12.0,0.55,0.22679674855713347,35.0,0.54294,1.0,0.932,0.13532769833916208,0.8505628571428572,0.9999999999999999,0.9999999999999999,6.1136358402570365e-9
12.0,0.55,0.22679674855713347,40.0,0.54294,1.0,0.932,0.13532769833916208,0.8524,0.9999999999999999,0.9999999999999999,1.5787347194325995e-7
12.0,0.55,0.22679674855713347,45.0,0.54294,1.0,0.932,0.13532769833916208,0.82618,0.9999999999999999,0.9999999999999999,1.9684709111357513e-6
12.0,0.55,0.22679674855713347,50.0,0.54294,1.0,0.932,0.13532769833916208,0.80555,0.9999999999999999,0.9995999999999999,1.4842555729610489e-5
12.0,0.55,0.22679674855713347,55.0,0.54294,1.0,0.932,0.13532769833916208,0.7702690909090908,0.9999999999999999,0.9992,7.559942490512341e-5
12.0,0.55,0.22679674855713347,60.0,0.54294,1.0,0.932,0.13532769833916208,0.7432066666666666,0.9999999999999999,0.9987999999999999,0.00029271654407026724
12.0,0.55,0.22679674855713347,65.0,0.54294,1.0,0.932,0.13532769833916208,0.7189276923076923,0.9999999999999999,0.9984999999999999,0.000917862266473508
12.0,0.55,0.22679674855713347,70.0,0.54294,1.0,0.932,0.13532769833916208,0.6716000000000001,0.9999999999999999,0.9969,0.0024010449845781106
12.0,0.55,0.22679674855713347,75.0,0.54294,1.0,0.932,0.13532769833916208,0.6101266666666667,0.9999999999999999,0.9944000000000002,0.005459112089159811
12.0,0.55,0.22679674855713347,80.0,0.54294,1.0,0.932,0.13532769833916208,0.58235625,0.9999999999999999,0.9917999999999998,0.011200285238846837
12.0,0.55,0.22679674855713347,85.0,0.54294,1.0,0.932,0.13532769833916208,0.5140141176470587,0.9999999999999999,0.9855,0.020778529260675974
12.0,0.55,0.22679674855713347,90.0,0.54294,1.0,0.932,0.13532769833916208,0.42120888888888885,0.9999999999999999,0.9759000000000001,0.03555958951550377
12.0,0.55,0.22679674855713347,95.0,0.54294,1.0,0.932,0.13532769833916208,0.3175442105263158,0.9999999999999999,0.9591,0.05629231749984801
12.0,0.55,0.22679674855713347,100.0,0.54294,1.0,0.932,0.13532769833916208,0.10657599999999999,0.9999999999999999,0.9319999999999999,0.08133299738633427
12.0,0.6,0.22679674855713347,5.0,0.54675,1.0,0.936,0.13658277429000526,0.9625400000000001,0.9999999999999999,0.9999999999999999,1.917442314982129e-77
12.0,0.6,0.22679674855713347,10.0,0.54675,1.0,0.936,0.13658277429000526,0.93381,0.9999999999999999,0.9999999999999999,1.975818865927646e-37
12.0,0.6,0.22679674855713347,15.0,0.54675,1.0,0.936,0.13658277429000526,0.9251333333333334,0.9999999999999999,0.9999999999999999,4.111366367328491e-24
12.0,0.6,0.22679674855713347,20.0,0.54675,1.0,0.936,0.13658277429000526,0.91191,0.9999999999999999,0.9999999999999999,1.840964827677107e-17
12.0,0.6,0.22679674855713347,25.0,0.54675,1.0,0.936,0.13658277429000526,0.898544,0.9999999999999999,0.9999999999999999,1.7883394755976988e-13
12.0,0.6,0.22679674855713347,30.0,0.54675,1.0,0.936,0.13658277429000526,0.8667533333333334,0.9999999999999999,0.9999999999999999,8.079004749217919e-11
12.0,0.6,0.22679674855713347,35.0,0.54675,1.0,0.936,0.13658277429000526,0.8544142857142857,0.9999999999999999,0.9999999999999999,6.228647627162379e-9
12.0,0.6,0.22679674855713347,40.0,0.54675,1.0,0.936,0.13658277429000526,0.8510300000000001,0.9999999999999999,0.9999999999999999,1.613852421132837e-7
12.0,0.6,0.22679674855713347,45.0,0.54675,1.0,0.936,0.13658277429000526,0.8307177777777777,0.9999999999999999,0.9999999999999999,2.0278407225988125e-6
12.0,0.6,0.22679674855713347,50.0,0.54675,1.0,0.936,0.13658277429000526,0.833416,0.9999999999999999,0.9997999999999999,1.5071202708354615e-5
12.0,0.6,0.22679674855713347,55.0,0.54675,1.0,0.936,0.13658277429000526,0.787730909090909,0.9999999999999999,0.9994,7.722607378409949e-5
12.0,0.6,0.22679674855713347,60.0,0.54675,1.0,0.936,0.13658277429000526,0.7413666666666667,0.9999999999999999,0.9991,0.0002976384633256683
12.0,0.6,0.22679674855713347,65.0,0.54675,1.0,0.936,0.13658277429000526,0.7071046153846153,0.9999999999999999,0.9984999999999999,0.0009285859632255438
12.0,0.6,0.22679674855713347,70.0,0.54675,1.0,0.936,0.13658277429000526,0.66342,0.9999999999999999,0.9971000000000001,0.0024420016337453956
12.0,0.6,0.22679674855713347,75.0,0.54675,1.0,0.936,0.13658277429000526,0.62878,0.9999999999999999,0.9956,0.005562994788335885
12.0,0.6,0.22679674855713347,80.0,0.54675,1.0,0.936,0.13658277429000526,0.57002,0.9999999999999999,0.9913999999999997,0.011336484043258495
12.0,0.6,0.22679674855713347,85.0,0.54675,1.0,0.936,0.13658277429000526,0.49134823529411764,0.9999999999999999,0.9859,0.020994453762798244
12.0,0.6,0.22679674855713347,90.0,0.54675,1.0,0.936,0.13658277429000526,0.41332111111111114,0.9999999999999999,0.9785999999999999,0.03609895408984565
12.0,0.6,0.22679674855713347,95.0,0.54675,1.0,0.936,0.13658277429000526,0.320578947368421,0.9999999999999999,0.9633,0.05679315244126735
12.0,0.6,0.22679674855713347,100.0,0.54675,1.0,0.936,0.13658277429000526,0.090683,0.9999999999999999,0.936,0.08119701018482774
12.0,0.65,0.22679674855713347,5.0,0.54987,1.0,0.938,0.1376099246379927,0.9699599999999999,0.9999999999999999,0.9999999999999999,2.255038951916017e-77
12.0,0.65,0.22679674855713347,10.0,0.54987,1.0,0.938,0.1376099246379927,0.9478700000000001,0.9999999999999999,0.9999999999999999,2.0966712471743643e-37
12.0,0.65,0.22679674855713347,15.0,0.54987,1.0,0.938,0.1376099246379927,0.9258333333333334,0.9999999999999999,0.9999999999999999,4.324928796464286e-24
12.0,0.65,0.22679674855713347,20.0,0.54987,1.0,0.938,0.1376099246379927,0.91698,0.9999999999999999,0.9999999999999999,1.904595740566057e-17
12.0,0.65,0.22679674855713347,25.0,0.54987,1.0,0.938,0.1376099246379927,0.894932,0.9999999999999999,0.9999999999999999,1.8616861250101765e-13
12.0,0.65,0.22679674855713347,30.0,0.54987,1.0,0.938,0.1376099246379927,0.8797766666666668,0.9999999999999999,0.9999999999999999,8.256124254042681e-11
12.0,0.65,0.22679674855713347,35.0,0.54987,1.0,0.938,0.1376099246379927,0.8714657142857142,0.9999999999999999,0.9999999999999999,6.4215272142793685e-9
12.0,0.65,0.22679674855713347,40.0,0.54987,1.0,0.938,0.1376099246379927,0.850255,0.9999999999999999,0.9999999999999999,1.6519998585583716e-7
12.0,0.65,0.22679674855713347,45.0,0.54987,1.0,0.938,0.1376099246379927,0.8286377777777778,0.9999999999999999,0.9999999999999999,2.043840571398608e-6
12.0,0.65,0.22679674855713347,50.0,0.54987,1.0,0.938,0.1376099246379927,0.7971400000000001,0.9999999999999999,0.9995999999999999,1.5282420150271234e-5
12.0,0.65,0.22679674855713347,55.0,0.54987,1.0,0.938,0.1376099246379927,0.7890709090909092,0.9999999999999999,0.9993,7.769507379120602e-5
12.0,0.65,0.22679674855713347,60.0,0.54987,1.0,0.938,0.1376099246379927,0.749945,0.9999999999999999,0.9986999999999999,0.0003020486947847817
12.0,0.65,0.22679674855713347,65.0,0.54987,1.0,0.938,0.1376099246379927,0.7187923076923077,0.9999999999999999,0.9984999999999999,0.0009457973913833175
12.0,0.65,0.22679674855713347,70.0,0.54987,1.0,0.938,0.1376099246379927,0.6747100000000001,0.9999999999999999,0.9974999999999999,0.002465283704944526
12.0,0.65,0.22679674855713347,75.0,0.54987,1.0,0.938,0.1376099246379927,0.6329440000000001,0.9999999999999999,0.9954000000000002,0.005645949994059994
12.0,0.65,0.22679674855713347,80.0,0.54987,1.0,0.938,0.1376099246379927,0.57838125,0.9999999999999999,0.9921999999999997,0.011471019099543197
12.0,0.65,0.22679674855713347,85.0,0.54987,1.0,0.938,0.1376099246379927,0.4965188235294118,0.9999999999999999,0.9867000000000001,0.02118988707537168
12.0,0.65,0.22679674855713347,90.0,0.54987,1.0,0.938,0.1376099246379927,0.43483444444444447,0.9999999999999999,0.9794999999999999,0.03605646801128982
12.0,0.65,0.22679674855713347,95.0,0.54987,1.0,0.938,0.1376099246379927,0.3370673684210526,0.9999999999999999,0.9637,0.05719416422300643
12.0,0.65,0.22679674855713347,100.0,0.54987,1.0,0.938,0.1376099246379927,0.08860200000000001,0.9999999999999999,0.938,0.08157095414969737
12.0,0.7,0.22679674855713347,5.0,0.55369,1.0,0.941,0.13889919947076815,0.9697799999999999,0.9999999999999999,0.9999999999999999,2.65319555144227e-77
12.0,0.7,0.22679674855713347,10.0,0.55369,1.0,0.941,0.13889919947076815,0.9520700000000001,0.9999999999999999,0.9999999999999999,2.2641303817592594e-37
12.0,0.7,0.22679674855713347,15.0,0.55369,1.0,0.941,0.13889919947076815,0.93424,0.9999999999999999,0.9999999999999999,4.6175666602913564e-24
12.0,0.7,0.22679674855713347,20.0,0.55369,1.0,0.941,0.13889919947076815,0.9133249999999999,0.9999999999999999,0.9999999999999999,2.0004019066201837e-17
12.0,0.7,0.22679674855713347,25.0,0.55369,1.0,0.941,0.13889919947076815,0.914112,0.9999999999999999,0.9999999999999999,1.9205027685311755e-13
12.0,0.7,0.22679674855713347,30.0,0.55369,1.0,0.941,0.13889919947076815,0.8805066666666667,0.9999999999999999,0.9999999999999999,8.582737904628529e-11
12.0,0.7,0.22679674855713347,35.0,0.55369,1.0,0.941,0.13889919947076815,0.8800542857142857,0.9999999999999999,0.9999999999999999,6.555708429635265e-9
12.0,0.7,0.22679674855713347,40.0,0.55369,1.0,0.941,0.13889919947076815,0.8616875,0.9999999999999999,0.9999999999999999,1.6815353855757508e-7
12.0,0.7,0.22679674855713347,45.0,0.55369,1.0,0.941,0.13889919947076815,0.8413666666666666,0.9999999999999999,0.9998999999999999,2.0935903625359937e-6
12.0,0.7,0.22679674855713347,50.0,0.55369,1.0,0.941,0.13889919947076815,0.806124,0.9999999999999999,0.9998999999999999,1.55374466165349e-5
12.0,0.7,0.22679674855713347,55.0,0.55369,1.0,0.941,0.13889919947076815,0.8050509090909092,0.9999999999999999,0.9994999999999999,7.92565379409599e-5
12.0,0.7,0.22679674855713347,60.0,0.55369,1.0,0.941,0.13889919947076815,0.7415016666666666,0.9999999999999999,0.999,0.0003077005069064823
12.0,0.7,0.22679674855713347,65.0,0.55369,1.0,0.941,0.13889919947076815,0.7207876923076922,0.9999999999999999,0.9986999999999999,0.0009563321675043117
12.0,0.7,0.22679674855713347,70.0,0.55369,1.0,0.941,0.13889919947076815,0.6805814285714286,0.9999999999999999,0.9979,0.0024943153587439217
12.0,0.7,0.22679674855713347,75.0,0.55369,1.0,0.941,0.13889919947076815,0.6225453333333333,0.9999999999999999,0.9959000000000001,0.005683476091492008
12.0,0.7,0.22679674855713347,80.0,0.55369,1.0,0.941,0.13889919947076815,0.5540487500000001,0.9999999999999999,0.9927000000000001,0.011579345771226308
12.0,0.7,0.22679674855713347,85.0,0.55369,1.0,0.941,0.13889919947076815,0.5228717647058824,0.9999999999999999,0.9883,0.021614548730423802
12.0,0.7,0.22679674855713347,90.0,0.55369,1.0,0.941,0.13889919947076815,0.4457055555555556,0.9999999999999999,0.9790999999999999,0.03661674214359369
12.0,0.7,0.22679674855713347,95.0,0.55369,1.0,0.941,0.13889919947076815,0.33293157894736836,0.9999999999999999,0.9659,0.05823694135458245
12.0,0.7,0.22679674855713347,100.0,0.55369,1.0,0.941,0.13889919947076815,0.12250399999999999,0.9999999999999999,0.9409999999999997,0.08322425591473523
12.0,0.75,0.22679674855713347,5.0,0.55813,1.0,0.948,0.14041932315765446,0.95384,0.9999999999999999,0.9999999999999999,3.359695361713542e-77
12.0,0.75,0.22679674855713347,10.0,0.55813,1.0,0.948,0.14041932315765446,0.9540799999999999,0.9999999999999999,0.9999999999999999,2.5578543283187563e-37
12.0,0.75,0.22679674855713347,15.0,0.55813,1.0,0.948,0.14041932315765446,0.9301,0.9999999999999999,0.9999999999999999,4.989432865871907e-24
12.0,0.75,0.22679674855713347,20.0,0.55813,1.0,0.948,0.14041932315765446,0.9158750000000001,0.9999999999999999,0.9999999999999999,2.1084871813654016e-17
12.0,0.75,0.22679674855713347,25.0,0.55813,1.0,0.948,0.14041932315765446,0.9016679999999999,0.9999999999999999,0.9999999999999999,1.9938097578331541e-13
12.0,0.75,0.22679674855713347,30.0,0.55813,1.0,0.948,0.14041932315765446,0.8883166666666668,0.9999999999999999,0.9999999999999999,8.829316792416079e-11
12.0,0.75,0.22679674855713347,35.0,0.55813,1.0,0.948,0.14041932315765446,0.8593514285714285,0.9999999999999999,0.9999999999999999,6.755347280911697e-9
12.0,0.75,0.22679674855713347,40.0,0.55813,1.0,0.948,0.14041932315765446,0.8598549999999999,0.9999999999999999,0.9999999999999999,1.7381195081418458e-7
12.0,0.75,0.22679674855713347,45.0,0.55813,1.0,0.948,0.14041932315765446,0.8405733333333334,0.9999999999999999,0.9999999999999999,2.1442588377810965e-6
12.0,0.75,0.22679674855713347,50.0,0.55813,1.0,0.948,0.14041932315765446,0.8114560000000001,0.9999999999999999,0.9997999999999999,1.589911068707046e-5
12.0,0.75,0.22679674855713347,55.0,0.55813,1.0,0.948,0.14041932315765446,0.7920800000000001,0.9999999999999999,0.9995999999999999,8.105342686017906e-5
12.0,0.75,0.22679674855713347,60.0,0.55813,1.0,0.948,0.14041932315765446,0.754505,0.9999999999999999,0.9992,0.00031021024559238367
12.0,0.75,0.22679674855713347,65.0,0.55813,1.0,0.948,0.14041932315765446,0.718843076923077,0.9999999999999999,0.9987999999999999,0.0009702842245289486
12.0,0.75,0.22679674855713347,70.0,0.55813,1.0,0.948,0.14041932315765446,0.6786485714285715,0.9999999999999999,0.9982,0.002556318171722178
12.0,0.75,0.22679674855713347,75.0,0.55813,1.0,0.948,0.14041932315765446,0.6443626666666666,0.9999999999999999,0.9962000000000002,0.005805891596938302
12.0,0.75,0.22679674855713347,80.0,0.55813,1.0,0.948,0.14041932315765446,0.58849125,0.9999999999999999,0.9928,0.011715821276747296
12.0,0.75,0.22679674855713347,85.0,0.55813,1.0,0.948,0.14041932315765446,0.5382999999999999,0.9999999999999999,0.9884999999999999,0.02164452839047018
12.0,0.75,0.22679674855713347,90.0,0.55813,1.0,0.948,0.14041932315765446,0.4250833333333333,0.9999999999999999,0.9818,0.036692566370446815
12.0,0.75,0.22679674855713347,95.0,0.55813,1.0,0.948,0.14041932315765446,0.31407473684210524,0.9999999999999999,0.9677,0.057944775351536026
12.0,0.75,0.22679674855713347,100.0,0.55813,1.0,0.948,0.14041932315765446,0.103025,0.9999999999999999,0.948,0.08384805492384209
12.0,0.8,0.22679674855713347,5.0,0.56448,1.0,0.954,0.14251226357817787,0.9751799999999999,0.9999999999999999,0.9999999999999999,4.456742223484233e-77
12.0,0.8,0.22679674855713347,10.0,0.56448,1.0,0.954,0.14251226357817787,0.94782,0.9999999999999999,0.9999999999999999,3.0016649062042642e-37
12.0,0.8,0.22679674855713347,15.0,0.56448,1.0,0.954,0.14251226357817787,0.9363666666666668,0.9999999999999999,0.9999999999999999,5.435663307875534e-24
12.0,0.8,0.22679674855713347,20.0,0.56448,1.0,0.954,0.14251226357817787,0.928125,0.9999999999999999,0.9999999999999999,2.265669527787638e-17
12.0,0.8,0.22679674855713347,25.0,0.56448,1.0,0.954,0.14251226357817787,0.9037999999999998,0.9999999999999999,0.9999999999999999,2.1273995049684753e-13
12.0,0.8,0.22679674855713347,30.0,0.56448,1.0,0.954,0.14251226357817787,0.8924066666666666,0.9999999999999999,0.9999999999999999,9.210211808378416e-11
12.0,0.8,0.22679674855713347,35.0,0.56448,1.0,0.954,0.14251226357817787,0.8739514285714287,0.9999999999999999,0.9999999999999999,7.060491490452028e-9
12.0,0.8,0.22679674855713347,40.0,0.56448,1.0,0.954,0.14251226357817787,0.8820650000000001,0.9999999999999999,0.9999999999999999,1.812378187981521e-7
12.0,0.8,0.22679674855713347,45.0,0.56448,1.0,0.954,0.14251226357817787,0.8429088888888889,0.9999999999999999,0.9999999999999999,2.2200032921895533e-6
12.0,0.8,0.22679674855713347,50.0,0.56448,1.0,0.954,0.14251226357817787,0.818602,0.9999999999999999,0.9999999999999999,1.638599510490832e-5
12.0,0.8,0.22679674855713347,55.0,0.56448,1.0,0.954,0.14251226357817787,0.7956636363636362,0.9999999999999999,0.9994999999999999,8.359615314479618e-5
12.0,0.8,0.22679674855713347,60.0,0.56448,1.0,0.954,0.14251226357817787,0.7635099999999999,0.9999999999999999,0.9992,0.0003184011571996838
12.0,0.8,0.22679674855713347,65.0,0.56448,1.0,0.954,0.14251226357817787,0.7309292307692308,0.9999999999999999,0.9991,0.0009955169266333672
12.0,0.8,0.22679674855713347,70.0,0.56448,1.0,0.954,0.14251226357817787,0.6863885714285713,0.9999999999999999,0.9977,0.002602378371997457
12.0,0.8,0.22679674855713347,75.0,0.56448,1.0,0.954,0.14251226357817787,0.6191906666666667,0.9999999999999999,0.9972,0.00589905018561779
12.0,0.8,0.22679674855713347,80.0,0.56448,1.0,0.954,0.14251226357817787,0.5899025,0.9999999999999999,0.9947000000000001,0.01197457224349057
12.0,0.8,0.22679674855713347,85.0,0.56448,1.0,0.954,0.14251226357817787,0.5180682352941176,0.9999999999999999,0.9901999999999999,0.022079719165783374
12.0,0.8,0.22679674855713347,90.0,0.56448,1.0,0.954,0.14251226357817787,0.41747888888888884,0.9999999999999999,0.9821999999999999,0.03734151940149956
12.0,0.8,0.22679674855713347,95.0,0.56448,1.0,0.954,0.14251226357817787,0.3456705263157895,0.9999999999999999,0.9722999999999999,0.058913343507085394
12.0,0.8,0.22679674855713347,100.0,0.56448,1.0,0.954,0.14251226357817787,0.10204,0.9999999999999999,0.9540000000000002,0.08493925004738793
12.0,0.85,0.22679674855713347,5.0,0.57094,1.0,0.958,0.14479829799633098,0.98686,0.9999999999999999,0.9999999999999999,6.070267217129612e-77
12.0,0.85,0.22679674855713347,10.0,0.57094,1.0,0.958,0.14479829799633098,0.9549600000000001,0.9999999999999999,0.9999999999999999,3.4162409254256733e-37
12.0,0.85,0.22679674855713347,15.0,0.57094,1.0,0.958,0.14479829799633098,0.9411066666666668,0.9999999999999999,0.9999999999999999,6.052141485765701e-24
12.0,0.85,0.22679674855713347,20.0,0.57094,1.0,0.958,0.14479829799633098,0.930225,0.9999999999999999,0.9999999999999999,2.4785396832928148e-17
12.0,0.85,0.22679674855713347,25.0,0.57094,1.0,0.958,0.14479829799633098,0.89732,0.9999999999999999,0.9999999999999999,2.2609573474806305e-13
12.0,0.85,0.22679674855713347,30.0,0.57094,1.0,0.958,0.14479829799633098,0.8747999999999999,0.9999999999999999,0.9999999999999999,9.912148307869676e-11
12.0,0.85,0.22679674855713347,35.0,0.57094,1.0,0.958,0.14479829799633098,0.8768257142857143,0.9999999999999999,0.9999999999999999,7.381978535785369e-9
12.0,0.85,0.22679674855713347,40.0,0.57094,1.0,0.958,0.14479829799633098,0.8650150000000001,0.9999999999999999,0.9999999999999999,1.8776524835170993e-7
12.0,0.85,0.22679674855713347,45.0,0.57094,1.0,0.958,0.14479829799633098,0.8554688888888888,0.9999999999999999,0.9999999999999999,2.311011934983087e-6
12.0,0.85,0.22679674855713347,50.0,0.57094,1.0,0.958,0.14479829799633098,0.824826,0.9999999999999999,0.9997999999999999,1.691476236616819e-5
12.0,0.85,0.22679674855713347,55.0,0.57094,1.0,0.958,0.14479829799633098,0.7986327272727273,0.9999999999999999,0.9996999999999999,8.588834415824977e-5
12.0,0.85,0.22679674855713347,60.0,0.57094,1.0,0.958,0.14479829799633098,0.7674116666666667,0.9999999999999999,0.9995999999999999,0.00033105090962458176
12.0,0.85,0.22679674855713347,65.0,0.57094,1.0,0.958,0.14479829799633098,0.7272492307692309,0.9999999999999999,0.999,0.0010181438965191458
12.0,0.85,0.22679674855713347,70.0,0.57094,1.0,0.958,0.14479829799633098,0.6927714285714286,0.9999999999999999,0.9983,0.0026494720030694257
12.0,0.85,0.22679674855713347,75.0,0.57094,1.0,0.958,0.14479829799633098,0.6456813333333333,0.9999999999999999,0.9968000000000001,0.005996565853598225
12.0,0.85,0.22679674855713347,80.0,0.57094,1.0,0.958,0.14479829799633098,0.6009737500000001,0.9999999999999999,0.9941000000000002,0.012246600697075298
12.0,0.85,0.22679674855713347,85.0,0.57094,1.0,0.958,0.14479829799633098,0.5341929411764705,0.9999999999999999,0.9919,0.022561431098372758
12.0,0.85,0.22679674855713347,90.0,0.57094,1.0,0.958,0.14479829799633098,0.4296755555555555,0.9999999999999999,0.9844,0.03809003388063786
12.0,0.85,0.22679674855713347,95.0,0.57094,1.0,0.958,0.14479829799633098,0.3322494736842105,0.9999999999999999,0.9755000000000001,0.06038842233492198
12.0,0.85,0.22679674855713347,100.0,0.57094,1.0,0.958,0.14479829799633098,0.09007700000000002,0.9999999999999999,0.958,0.08625415065828498
12.0,0.9,0.22679674855713347,5.0,0.57934,1.0,0.96,0.14759117296309252,0.98854,0.9999999999999999,0.9999999999999999,8.41273047785697e-77
12.0,0.9,0.22679674855713347,10.0,0.57934,1.0,0.96,0.14759117296309252,0.9395800000000001,0.9999999999999999,0.9999999999999999,4.225663815925237e-37
12.0,0.9,0.22679674855713347,15.0,0.57934,1.0,0.96,0.14759117296309252,0.9413133333333332,0.9999999999999999,0.9999999999999999,6.846279381697433e-24
12.0,0.9,0.22679674855713347,20.0,0.57934,1.0,0.96,0.14759117296309252,0.9211450000000001,0.9999999999999999,0.9999999999999999,2.742284283939136e-17
12.0,0.9,0.22679674855713347,25.0,0.57934,1.0,0.96,0.14759117296309252,0.9117279999999999,0.9999999999999999,0.9999999999999999,2.459923020281742e-13
12.0,0.9,0.22679674855713347,30.0,0.57934,1.0,0.96,0.14759117296309252,0.8965133333333334,0.9999999999999999,0.9999999999999999,1.0434736385321283e-10
12.0,0.9,0.22679674855713347,35.0,0.57934,1.0,0.96,0.14759117296309252,0.8906885714285714,0.9999999999999999,0.9999999999999999,7.790529262458903e-9
12.0,0.9,0.22679674855713347,40.0,0.57934,1.0,0.96,0.14759117296309252,0.8764525000000001,0.9999999999999999,0.9999999999999999,1.9637484881526219e-7
12.0,0.9,0.22679674855713347,45.0,0.57934,1.0,0.96,0.14759117296309252,0.8517377777777778,0.9999999999999999,0.9999999999999999,2.3947417867923768e-6
12.0,0.9,0.22679674855713347,50.0,0.57934,1.0,0.96,0.14759117296309252,0.8203280000000001,0.9999999999999999,0.9999999999999999,1.758079326744011e-5
12.0,0.9,0.22679674855713347,55.0,0.57934,1.0,0.96,0.14759117296309252,0.7940600000000002,0.9999999999999999,0.9996999999999999,8.84271750964791e-5
12.0,0.9,0.22679674855713347,60.0,0.57934,1.0,0.96,0.14759117296309252,0.775435,0.9999999999999999,0.9995999999999999,0.00034063782681193974
12.0,0.9,0.22679674855713347,65.0,0.57934,1.0,0.96,0.14759117296309252,0.7346507692307693,0.9999999999999999,0.9993,0.0010552259875694547
12.0,0.9,0.22679674855713347,70.0,0.57934,1.0,0.96,0.14759117296309252,0.6929928571428572,0.9999999999999999,0.9983,0.0027374845047209223
12.0,0.9,0.22679674855713347,75.0,0.57934,1.0,0.96,0.14759117296309252,0.6421866666666667,0.9999999999999999,0.9967,0.0061510010186386615
12.0,0.9,0.22679674855713347,80.0,0.57934,1.0,0.96,0.14759117296309252,0.6018775,0.9999999999999999,0.9953000000000002,0.01247830806530536
12.0,0.9,0.22679674855713347,85.0,0.57934,1.0,0.96,0.14759117296309252,0.545004705882353,0.9999999999999999,0.9922,0.023117496970240254
12.0,0.9,0.22679674855713347,90.0,0.57934,1.0,0.96,0.14759117296309252,0.4438777777777778,0.9999999999999999,0.9865999999999999,0.03916854785645943
12.0,0.9,0.22679674855713347,95.0,0.57934,1.0,0.96,0.14759117296309252,0.35271684210526316,0.9999999999999999,0.9773000000000001,0.06129487090389995
12.0,0.9,0.22679674855713347,100.0,0.57934,1.0,0.96,0.14759117296309252,0.12671200000000002,0.9999999999999999,0.9599999999999999,0.08818484977668742
12.0,0.95,0.22679674855713347,5.0,0.59437,1.0,0.967,0.1525533554758808,0.9894400000000001,0.9999999999999999,0.9999999999999999,1.73680366801053e-76
12.0,0.95,0.22679674855713347,10.0,0.59437,1.0,0.967,0.1525533554758808,0.93945,0.9999999999999999,0.9999999999999999,5.932463581378626e-37
12.0,0.95,0.22679674855713347,15.0,0.59437,1.0,0.967,0.1525533554758808,0.9350333333333335,0.9999999999999999,0.9999999999999999,8.608951821584346e-24
12.0,0.95,0.22679674855713347,20.0,0.59437,1.0,0.967,0.1525533554758808,0.9331349999999998,0.9999999999999999,0.9999999999999999,3.2199199469740346e-17
12.0,0.95,0.22679674855713347,25.0,0.59437,1.0,0.967,0.1525533554758808,0.9122159999999999,0.9999999999999999,0.9999999999999999,2.7604468744694693e-13
12.0,0.95,0.22679674855713347,30.0,0.59437,1.0,0.967,0.1525533554758808,0.8982166666666668,0.9999999999999999,0.9999999999999999,1.1690179098232652e-10
12.0,0.95,0.22679674855713347,35.0,0.59437,1.0,0.967,0.1525533554758808,0.8845085714285714,0.9999999999999999,0.9999999999999999,8.483349434839111e-9
12.0,0.95,0.22679674855713347,40.0,0.59437,1.0,0.967,0.1525533554758808,0.8641299999999998,0.9999999999999999,0.9999999999999999,2.1310584608669263e-7
12.0,0.95,0.22679674855713347,45.0,0.59437,1.0,0.967,0.1525533554758808,0.8595888888888888,0.9999999999999999,0.9999999999999999,2.5961570931509628e-6
12.0,0.95,0.22679674855713347,50.0,0.59437,1.0,0.967,0.1525533554758808,0.8303019999999999,0.9999999999999999,0.9999999999999999,1.8779587500150838e-5
12.0,0.95,0.22679674855713347,55.0,0.59437,1.0,0.967,0.1525533554758808,0.8185181818181819,0.9999999999999999,0.9998999999999999,9.42148856434218e-5
12.0,0.95,0.22679674855713347,60.0,0.59437,1.0,0.967,0.1525533554758808,0.7797149999999999,0.9999999999999999,0.9994999999999999,0.0003592584581268057
12.0,0.95,0.22679674855713347,65.0,0.59437,1.0,0.967,0.1525533554758808,0.7381230769230769,0.9999999999999999,0.9994999999999999,0.0011067228898735974
12.0,0.95,0.22679674855713347,70.0,0.59437,1.0,0.967,0.1525533554758808,0.7089085714285714,0.9999999999999999,0.9991,0.0028742057594522636
12.0,0.95,0.22679674855713347,75.0,0.59437,1.0,0.967,0.1525533554758808,0.6827853333333334,0.9999999999999999,0.9978,0.006490075698918883
12.0,0.95,0.22679674855713347,80.0,0.59437,1.0,0.967,0.1525533554758808,0.58008375,0.9999999999999999,0.9963000000000001,0.013020776464137698
12.0,0.95,0.22679674855713347,85.0,0.59437,1.0,0.967,0.1525533554758808,0.5514058823529412,0.9999999999999999,0.9936999999999998,0.024007497384543115
12.0,0.95,0.22679674855713347,90.0,0.59437,1.0,0.967,0.1525533554758808,0.4798444444444444,0.9999999999999999,0.9895999999999999,0.04087031692582895
12.0,0.95,0.22679674855713347,95.0,0.59437,1.0,0.967,0.1525533554758808,0.3408052631578947,0.9999999999999999,0.9814999999999999,0.06341480107217407
12.0,0.95,0.22679674855713347,100.0,0.59437,1.0,0.967,0.1525533554758808,0.136252,0.9999999999999999,0.967,0.09125553374681325
