seed,alpha,error,prop_dim,cw_coverage_lo_1,cw_coverage_hi_1,mv_coverage_1,volume_1
12.0,0.4,0.22455412383753012,5.0,0.6953,0.9839999999999999,0.39310000000000006,6.507009811828351e-96
12.0,0.45,0.22455412383753012,5.0,0.7148800000000001,0.986712,0.437,1.865255503192733e-95
12.0,0.5,0.22455412383753012,5.0,0.73478,0.9890639999999999,0.48419999999999996,5.3541668892649717e-95
12.0,0.55,0.22455412383753012,5.0,0.75648,0.99122,0.5349999999999999,1.675373213454494e-94
12.0,0.6,0.22455412383753012,5.0,0.77664,0.9929920000000001,0.5854,5.171569909647266e-94
12.0,0.65,0.22455412383753012,5.0,0.7958000000000001,0.994588,0.636,1.608820349223789e-93
12.0,0.7,0.22455412383753012,5.0,0.8160000000000001,0.99594,0.6850999999999999,5.35109304181884e-93
12.0,0.75,0.22455412383753012,5.0,0.83562,0.996944,0.7356999999999999,2.1173851512833524e-92
12.0,0.8,0.22455412383753012,5.0,0.8577800000000002,0.997968,0.7923,1.00540421679588e-91
12.0,0.85,0.22455412383753012,5.0,0.8804199999999999,0.998764,0.8432999999999999,5.722133697889598e-91
12.0,0.9,0.22455412383753012,5.0,0.9052199999999999,0.9993679999999999,0.89,4.868732843866925e-90
12.0,0.95,0.22455412383753012,5.0,0.9321999999999998,0.9997999999999999,0.9429,1.0484412146377165e-88
12.0,0.4,0.22455412383753012,10.0,0.79275,0.9993710000000001,0.39189999999999997,5.440818775965382e-45
12.0,0.45,0.22455412383753012,10.0,0.8041400000000001,0.9995220000000001,0.4416,8.147144046111415e-45
12.0,0.5,0.22455412383753012,10.0,0.8164200000000001,0.9996349999999998,0.48829999999999996,1.231566543774574e-44
12.0,0.55,0.22455412383753012,10.0,0.82897,0.999736,0.5402,1.914372749891866e-44
12.0,0.6,0.22455412383753012,10.0,0.8401599999999999,0.999787,0.5831999999999999,2.9521802866973903e-44
12.0,0.65,0.22455412383753012,10.0,0.8521299999999999,0.9998370000000001,0.6325,4.581576764716757e-44
12.0,0.7,0.22455412383753012,10.0,0.864,0.9998799999999998,0.6841999999999999,7.374428573313169e-44
12.0,0.75,0.22455412383753012,10.0,0.87584,0.999919,0.7386999999999999,1.2460461856060099e-43
12.0,0.8,0.22455412383753012,10.0,0.8898700000000002,0.999952,0.7907,2.2970728304266354e-43
12.0,0.85,0.22455412383753012,10.0,0.90569,0.9999779999999998,0.8481,4.908240838940917e-43
12.0,0.9,0.22455412383753012,10.0,0.9230799999999999,0.99999,0.8979999999999999,1.2305417881706992e-42
12.0,0.95,0.22455412383753012,10.0,0.94269,0.9999959999999999,0.9482,4.1119901081370223e-42
12.0,0.4,0.22455412383753012,15.0,0.80616,0.9999106666666666,0.37989999999999996,1.9931808752366813e-28
12.0,0.45,0.22455412383753012,15.0,0.8178266666666667,0.9999337777777778,0.4358,2.597409542817524e-28
12.0,0.5,0.22455412383753012,15.0,0.8287600000000002,0.999947111111111,0.48369999999999996,3.329807460306221e-28
12.0,0.55,0.22455412383753012,15.0,0.8394199999999999,0.999959111111111,0.5365,4.280502040631186e-28
12.0,0.6,0.22455412383753012,15.0,0.8495533333333333,0.9999675555555554,0.5861,5.49895471106551e-28
12.0,0.65,0.22455412383753012,15.0,0.8599933333333334,0.9999782222222222,0.6359000000000001,7.195931814284395e-28
12.0,0.7,0.22455412383753012,15.0,0.8709666666666668,0.9999822222222221,0.6910999999999999,9.594169552046466e-28
12.0,0.75,0.22455412383753012,15.0,0.8815666666666666,0.9999857777777778,0.7366,1.2927887373139733e-27
12.0,0.8,0.22455412383753012,15.0,0.8944799999999998,0.9999888888888888,0.7911000000000001,1.864324072730311e-27
12.0,0.85,0.22455412383753012,15.0,0.9080266666666665,0.9999924444444444,0.8406999999999999,2.8605326497575602e-27
12.0,0.9,0.22455412383753012,15.0,0.9237666666666665,0.9999955555555556,0.893,4.921724076807031e-27
12.0,0.95,0.22455412383753012,15.0,0.9444666666666666,0.9999999999999999,0.9514000000000001,1.1190893832528373e-26
12.0,0.4,0.22455412383753012,20.0,0.82547,0.9999905,0.3896,2.893388265550597e-20
12.0,0.45,0.22455412383753012,20.0,0.835285,0.99999425,0.4431,3.471111834351945e-20
12.0,0.5,0.22455412383753012,20.0,0.84478,0.99999675,0.4967,4.1572245516024207e-20
12.0,0.55,0.22455412383753012,20.0,0.85415,0.99999825,0.5491,4.9781113237836973e-20
12.0,0.6,0.22455412383753012,20.0,0.8631899999999999,0.9999989999999999,0.6049,6.006859245583658e-20
12.0,0.65,0.22455412383753012,20.0,0.8718899999999998,0.99999975,0.6551,7.240207996931979e-20
12.0,0.7,0.22455412383753012,20.0,0.8806849999999999,0.9999999999999999,0.7030000000000001,8.793644824113628e-20
12.0,0.75,0.22455412383753012,20.0,0.88973,0.9999999999999999,0.7514,1.0885713836706978e-19
12.0,0.8,0.22455412383753012,20.0,0.9009349999999999,0.9999999999999999,0.802,1.420017589395602e-19
12.0,0.85,0.22455412383753012,20.0,0.9119050000000001,0.9999999999999999,0.8471000000000001,1.888295051334188e-19
12.0,0.9,0.22455412383753012,20.0,0.924835,0.9999999999999999,0.8963,2.714867352948512e-19
12.0,0.95,0.22455412383753012,20.0,0.943155,0.9999999999999999,0.9489000000000001,4.806095941928938e-19
12.0,0.4,0.22455412383753012,25.0,0.8542119999999999,0.9999980799999999,0.3914,1.9979608201873896e-15
12.0,0.45,0.22455412383753012,25.0,0.862388,0.9999982399999999,0.4459,2.2839459492626528e-15
12.0,0.5,0.22455412383753012,25.0,0.8705000000000002,0.9999988799999999,0.4975,2.6155701112217006e-15
12.0,0.55,0.22455412383753012,25.0,0.8781800000000001,0.9999991999999999,0.5456,2.9918917709118544e-15
12.0,0.6,0.22455412383753012,25.0,0.8863079999999999,0.9999993599999999,0.6,3.4513143547917128e-15
12.0,0.65,0.22455412383753012,25.0,0.8940960000000001,0.9999993599999999,0.6479000000000001,3.975041237311498e-15
12.0,0.7,0.22455412383753012,25.0,0.9014719999999999,0.99999968,0.6953999999999999,4.59209435954503e-15
12.0,0.75,0.22455412383753012,25.0,0.909416,0.9999998399999999,0.7456,5.4141242665501785e-15
12.0,0.8,0.22455412383753012,25.0,0.9174519999999998,0.9999999999999999,0.7914000000000001,6.444250907348543e-15
12.0,0.85,0.22455412383753012,25.0,0.9271680000000001,0.9999999999999999,0.8407,8.115200546122456e-15
12.0,0.9,0.22455412383753012,25.0,0.937972,0.9999999999999999,0.8907,1.0763797612879837e-14
12.0,0.95,0.22455412383753012,25.0,0.952016,0.9999999999999999,0.9433999999999999,1.6324757264744174e-14
12.0,0.4,0.22455412383753012,30.0,0.8449499999999999,0.9999997777777777,0.40429999999999994,3.1270346695936405e-12
12.0,0.45,0.22455412383753012,30.0,0.8524166666666668,0.9999997777777777,0.45139999999999997,3.457811993886849e-12
12.0,0.5,0.22455412383753012,30.0,0.8599566666666667,0.9999997777777777,0.5013,3.832359395931994e-12
12.0,0.55,0.22455412383753012,30.0,0.8675366666666667,0.9999998888888888,0.5539,4.271226343328771e-12
12.0,0.6,0.22455412383753012,30.0,0.87509,0.9999998888888888,0.6058,4.7361142728523166e-12
12.0,0.65,0.22455412383753012,30.0,0.8822133333333333,0.9999999999999999,0.6527000000000002,5.265185625507218e-12
12.0,0.7,0.22455412383753012,30.0,0.8902466666666666,0.9999999999999999,0.6980999999999999,5.979834386544064e-12
12.0,0.75,0.22455412383753012,30.0,0.8983633333333333,0.9999999999999999,0.7464999999999999,6.833331361349256e-12
12.0,0.8,0.22455412383753012,30.0,0.9072533333333332,0.9999999999999999,0.7939,7.941679804368812e-12
12.0,0.85,0.22455412383753012,30.0,0.9174766666666667,0.9999999999999999,0.8451,9.579680353715676e-12
12.0,0.9,0.22455412383753012,30.0,0.9291933333333334,0.9999999999999999,0.8936,1.2034784546477088e-11
12.0,0.95,0.22455412383753012,30.0,0.94523,0.9999999999999999,0.9500000000000001,1.7224772870333748e-11
12.0,0.4,0.22455412383753012,35.0,0.8548314285714286,0.9999999999999999,0.3988,5.585201931258052e-10
12.0,0.45,0.22455412383753012,35.0,0.8624,0.9999999999999999,0.4521,6.117851352331013e-10
12.0,0.5,0.22455412383753012,35.0,0.8696571428571428,0.9999999999999999,0.5015000000000001,6.682420453883533e-10
12.0,0.55,0.22455412383753012,35.0,0.8766428571428571,0.9999999999999999,0.5486000000000001,7.294864675865762e-10
12.0,0.6,0.22455412383753012,35.0,0.8839428571428573,0.9999999999999999,0.6001,8.026952972095329e-10
12.0,0.65,0.22455412383753012,35.0,0.8904971428571429,0.9999999999999999,0.6432,8.755836648226022e-10
12.0,0.7,0.22455412383753012,35.0,0.8977685714285715,0.9999999999999999,0.6927,9.662376365546558e-10
12.0,0.75,0.22455412383753012,35.0,0.9054114285714286,0.9999999999999999,0.7402,1.0761275151908664e-9
12.0,0.8,0.22455412383753012,35.0,0.9137400000000001,0.9999999999999999,0.7880999999999999,1.2161343853454184e-9
12.0,0.85,0.22455412383753012,35.0,0.9237399999999999,0.9999999999999999,0.8407,1.423987482847404e-9
12.0,0.9,0.22455412383753012,35.0,0.9349428571428572,0.9999999999999999,0.8915000000000001,1.7330288264055335e-9
12.0,0.95,0.22455412383753012,35.0,0.9499885714285714,0.9999999999999999,0.9462,2.3396240316755095e-9
12.0,0.4,0.22455412383753012,40.0,0.8622725000000001,0.9999999999999999,0.40680000000000005,2.6582768634421992e-8
12.0,0.45,0.22455412383753012,40.0,0.8697375,0.9999999999999999,0.45830000000000004,2.87865439182306e-8
12.0,0.5,0.22455412383753012,40.0,0.87625,0.9999999999999999,0.5049,3.099022755890654e-8
12.0,0.55,0.22455412383753012,40.0,0.8828125,0.9999999999999999,0.5538,3.346720801018577e-8
12.0,0.6,0.22455412383753012,40.0,0.8894074999999999,0.9999999999999999,0.6013000000000001,3.612369301665961e-8
12.0,0.65,0.22455412383753012,40.0,0.8958274999999999,0.9999999999999999,0.6507999999999999,3.913676324458552e-8
12.0,0.7,0.22455412383753012,40.0,0.90283,0.9999999999999999,0.7018,4.262004965722126e-8
12.0,0.75,0.22455412383753012,40.0,0.9094925,0.9999999999999999,0.7466,4.653611036867768e-8
12.0,0.8,0.22455412383753012,40.0,0.9166774999999999,0.9999999999999999,0.7915000000000001,5.138852280500222e-8
12.0,0.85,0.22455412383753012,40.0,0.925165,0.9999999999999999,0.8367,5.8361052965638463e-8
12.0,0.9,0.22455412383753012,40.0,0.9353049999999999,0.9999999999999999,0.8898000000000001,6.878058497976771e-8
12.0,0.95,0.22455412383753012,40.0,0.9502999999999999,0.9999999999999999,0.9476,9.036501649704107e-8
12.0,0.4,0.22455412383753012,45.0,0.8483288888888889,0.9999999999999999,0.40120000000000006,5.245406031267045e-7
12.0,0.45,0.22455412383753012,45.0,0.8555111111111111,0.9999999999999999,0.45239999999999997,5.602473387371742e-7
12.0,0.5,0.22455412383753012,45.0,0.86288,0.9999999999999999,0.5059,5.996125624884271e-7
12.0,0.55,0.22455412383753012,45.0,0.8701311111111112,0.9999999999999999,0.5597000000000001,6.440392567265054e-7
12.0,0.6,0.22455412383753012,45.0,0.87682,0.9999999999999999,0.6137,6.911589929257151e-7
12.0,0.65,0.22455412383753012,45.0,0.8827733333333334,0.9999999999999999,0.6555,7.376191278488716e-7
12.0,0.7,0.22455412383753012,45.0,0.8891955555555555,0.9999999999999999,0.7024999999999999,7.917533144303959e-7
12.0,0.75,0.22455412383753012,45.0,0.8963177777777777,0.9999999999999999,0.7484999999999999,8.577347871346147e-7
12.0,0.8,0.22455412383753012,45.0,0.9041266666666667,0.9999999999999999,0.7939000000000002,9.40000028392053e-7
12.0,0.85,0.22455412383753012,45.0,0.9140044444444444,0.9999999999999999,0.8456,1.0630731414182523e-6
12.0,0.9,0.22455412383753012,45.0,0.9246777777777777,0.9999999999999999,0.8938999999999999,1.226758890649485e-6
12.0,0.95,0.22455412383753012,45.0,0.9387377777777779,0.9999999999999999,0.9424,1.5063540393637845e-6
12.0,0.4,0.22455412383753012,50.0,0.8369120000000001,0.9999999999999999,0.4013,5.490003393991224e-6
12.0,0.45,0.22455412383753012,50.0,0.844972,0.9999999999999999,0.44889999999999997,5.834266978584708e-6
12.0,0.5,0.22455412383753012,50.0,0.8530599999999999,0.9999999999999999,0.5073,6.218195475632267e-6
12.0,0.55,0.22455412383753012,50.0,0.860752,0.9999999999999999,0.556,6.598203594485018e-6
12.0,0.6,0.22455412383753012,50.0,0.867338,0.9999999999999999,0.6038,6.984527456448611e-6
12.0,0.65,0.22455412383753012,50.0,0.8750260000000001,0.9999999999999999,0.655,7.445852127173819e-6
12.0,0.7,0.22455412383753012,50.0,0.88206,0.9999999999999999,0.6978000000000001,7.921245257154195e-6
12.0,0.75,0.22455412383753012,50.0,0.8903020000000001,0.9999999999999999,0.7477999999999999,8.538834638203869e-6
12.0,0.8,0.22455412383753012,50.0,0.8984120000000002,0.9999999999999999,0.7924000000000001,9.228227190170037e-6
12.0,0.85,0.22455412383753012,50.0,0.9091879999999999,0.9999999999999999,0.844,1.0273263029211814e-5
12.0,0.9,0.22455412383753012,50.0,0.922046,0.9999999999999999,0.8945,1.181567637736672e-5
12.0,0.95,0.22455412383753012,50.0,0.9372140000000001,0.9999999999999999,0.9457,1.4258874770755363e-5
12.0,0.4,0.22455412383753012,55.0,0.8372599999999999,0.9999999999999999,0.4031,3.775145198703715e-5
12.0,0.45,0.22455412383753012,55.0,0.8447490909090909,0.9999999999999999,0.45259999999999995,3.9844275243376587e-5
12.0,0.5,0.22455412383753012,55.0,0.8523,0.9999999999999999,0.5058,4.209587850993334e-5
12.0,0.55,0.22455412383753012,55.0,0.8586963636363637,0.9999999999999999,0.5534000000000001,4.4247173435806934e-5
12.0,0.6,0.22455412383753012,55.0,0.8658272727272728,0.9999999999999999,0.604,4.670890454546079e-5
12.0,0.65,0.22455412383753012,55.0,0.8727618181818182,0.9999999999999999,0.6540000000000001,4.9421290726274794e-5
12.0,0.7,0.22455412383753012,55.0,0.8799654545454545,0.9999999999999999,0.7011000000000001,5.24298688486296e-5
12.0,0.75,0.22455412383753012,55.0,0.8871727272727273,0.9999999999999999,0.744,5.573392967553403e-5
12.0,0.8,0.22455412383753012,55.0,0.8965072727272727,0.9999999999999999,0.7940999999999999,6.048918308054387e-5
12.0,0.85,0.22455412383753012,55.0,0.9065381818181818,0.9999999999999999,0.8453999999999998,6.638256688167495e-5
12.0,0.9,0.22455412383753012,55.0,0.9178254545454545,0.9999999999999999,0.8921000000000001,7.456786015470742e-5
12.0,0.95,0.22455412383753012,55.0,0.9343109090909091,0.9999999999999999,0.947,8.953765311743834e-5
12.0,0.4,0.22455412383753012,60.0,0.822525,0.9999999999999999,0.4058,0.00018456148662863273
12.0,0.45,0.22455412383753012,60.0,0.8299233333333333,0.9999999999999999,0.4522,0.00019304510789155803
12.0,0.5,0.22455412383753012,60.0,0.8377716666666668,0.9999999999999999,0.5033000000000001,0.00020301832266422798
12.0,0.55,0.22455412383753012,60.0,0.8450799999999999,0.9999999999999999,0.5556,0.00021306157536002415
12.0,0.6,0.22455412383753012,60.0,0.8519783333333334,0.9999999999999999,0.6053999999999999,0.0002232858872818798
12.0,0.65,0.22455412383753012,60.0,0.8586849999999999,0.9999999999999999,0.6535,0.0002343691348182387
12.0,0.7,0.22455412383753012,60.0,0.8662766666666667,0.9999999999999999,0.6991999999999998,0.0002472546023836134
12.0,0.75,0.22455412383753012,60.0,0.8753433333333335,0.9999999999999999,0.7524,0.0002637668418426298
12.0,0.8,0.22455412383753012,60.0,0.8846733333333332,0.9999999999999999,0.7969,0.00028333800719562013
12.0,0.85,0.22455412383753012,60.0,0.8952666666666667,0.9999999999999999,0.8415999999999999,0.00030830940785738956
12.0,0.9,0.22455412383753012,60.0,0.90735,0.9999999999999999,0.8883,0.00034149955730575487
12.0,0.95,0.22455412383753012,60.0,0.92473,0.9999999999999999,0.9477000000000001,0.0004037085553497604
12.0,0.4,0.22455412383753012,65.0,0.8035523076923077,0.9999999999999999,0.40969999999999995,0.0006986446169878642
12.0,0.45,0.22455412383753012,65.0,0.811966153846154,0.9999999999999999,0.46040000000000003,0.0007317261116893953
12.0,0.5,0.22455412383753012,65.0,0.8195523076923076,0.9999999999999999,0.5038,0.0007636045185778341
12.0,0.55,0.22455412383753012,65.0,0.8269707692307692,0.9999999999999999,0.5518000000000001,0.0007975084068687381
12.0,0.6,0.22455412383753012,65.0,0.8344,0.9999999999999999,0.5996,0.0008333003150048808
12.0,0.65,0.22455412383753012,65.0,0.8419215384615385,0.9999999999999999,0.6487,0.0008715861821846121
12.0,0.7,0.22455412383753012,65.0,0.8499507692307693,0.9999999999999999,0.6993999999999999,0.0009152162631231491
12.0,0.75,0.22455412383753012,65.0,0.8588230769230769,0.9999999999999999,0.7458000000000001,0.000967385730029862
12.0,0.8,0.22455412383753012,65.0,0.868703076923077,0.9999999999999999,0.7932,0.0010324039289903158
12.0,0.85,0.22455412383753012,65.0,0.8800953846153846,0.9999999999999999,0.8432999999999999,0.001116754479753034
12.0,0.9,0.22455412383753012,65.0,0.8936,0.9999999999999999,0.8904000000000001,0.0012324876838644794
12.0,0.95,0.22455412383753012,65.0,0.9133753846153847,0.9999999999999999,0.9472999999999999,0.0014455890305757092
12.0,0.4,0.22455412383753012,70.0,0.7919957142857144,0.9999999999999999,0.40680000000000005,0.002141623831426528
12.0,0.45,0.22455412383753012,70.0,0.8006257142857143,0.9999999999999999,0.45749999999999996,0.0022337696890068707
12.0,0.5,0.22455412383753012,70.0,0.8085385714285713,0.9999999999999999,0.5049,0.002323717842366525
12.0,0.55,0.22455412383753012,70.0,0.8166514285714286,0.9999999999999999,0.5522000000000001,0.0024204367523891
12.0,0.6,0.22455412383753012,70.0,0.8247585714285716,0.9999999999999999,0.5995,0.0025244571121320744
12.0,0.65,0.22455412383753012,70.0,0.8333499999999998,0.9999999999999999,0.655,0.002641157645968707
12.0,0.7,0.22455412383753012,70.0,0.841,0.9999999999999999,0.6979999999999998,0.00275470208062051
12.0,0.75,0.22455412383753012,70.0,0.850397142857143,0.9999999999999999,0.7498,0.002902675907786941
12.0,0.8,0.22455412383753012,70.0,0.8608628571428573,0.9999999999999999,0.7947,0.0030838640563994216
12.0,0.85,0.22455412383753012,70.0,0.8733199999999999,0.9999999999999999,0.844,0.003325045770209358
12.0,0.9,0.22455412383753012,70.0,0.8876557142857143,0.9999999999999999,0.8918999999999999,0.0036472302801984074
12.0,0.95,0.22455412383753012,70.0,0.9091657142857142,0.9999999999999999,0.9483999999999998,0.004243063794825069
12.0,0.4,0.22455412383753012,75.0,0.762948,0.9999999999999999,0.4108,0.005634633484518003
12.0,0.45,0.22455412383753012,75.0,0.7719546666666667,0.9999999999999999,0.45709999999999995,0.005854553653656337
12.0,0.5,0.22455412383753012,75.0,0.781392,0.9999999999999999,0.5077,0.006093543182166126
12.0,0.55,0.22455412383753012,75.0,0.790224,0.9999999999999999,0.5536000000000001,0.006333971445043326
12.0,0.6,0.22455412383753012,75.0,0.7987453333333333,0.9999999999999999,0.6052999999999998,0.0065821816415272075
12.0,0.65,0.22455412383753012,75.0,0.8067440000000001,0.9999999999999999,0.6562,0.006834705572320192
12.0,0.7,0.22455412383753012,75.0,0.8158880000000001,0.9999999999999999,0.7001,0.007135160024130439
12.0,0.75,0.22455412383753012,75.0,0.82454,0.9999999999999999,0.7393000000000001,0.007441985946147654
12.0,0.8,0.22455412383753012,75.0,0.8365520000000001,0.9999999999999999,0.7912999999999999,0.007899791161596774
12.0,0.85,0.22455412383753012,75.0,0.8513986666666666,0.9999999999999999,0.8454,0.008536126960332225
12.0,0.9,0.22455412383753012,75.0,0.8656879999999999,0.9999999999999999,0.8887999999999999,0.009230116335665183
12.0,0.95,0.22455412383753012,75.0,0.8887413333333334,0.9999999999999999,0.9452,0.010590893081933174
12.0,0.4,0.22455412383753012,80.0,0.7361387500000001,0.9999999999999999,0.4106,0.012933687550831865
12.0,0.45,0.22455412383753012,80.0,0.744835,0.9999999999999999,0.45589999999999997,0.013387189572098512
12.0,0.5,0.22455412383753012,80.0,0.7539525,0.9999999999999999,0.5034,0.013879041430152629
12.0,0.55,0.22455412383753012,80.0,0.7628325,0.9999999999999999,0.5494000000000001,0.014389641853486557
12.0,0.6,0.22455412383753012,80.0,0.7711475,0.9999999999999999,0.5960999999999999,0.014887511310107127
12.0,0.65,0.22455412383753012,80.0,0.7800275,0.9999999999999999,0.6484,0.015453330282127984
12.0,0.7,0.22455412383753012,80.0,0.7893825000000001,0.9999999999999999,0.6936,0.016065596237135955
12.0,0.75,0.22455412383753012,80.0,0.79945125,0.9999999999999999,0.7446,0.016788351677298148
12.0,0.8,0.22455412383753012,80.0,0.812245,0.9999999999999999,0.7913,0.017779831627661526
12.0,0.85,0.22455412383753012,80.0,0.82686375,0.9999999999999999,0.8438,0.019046860446769384
12.0,0.9,0.22455412383753012,80.0,0.8424674999999999,0.9999999999999999,0.8883,0.02058697337506434
12.0,0.95,0.22455412383753012,80.0,0.8688037499999999,0.9999999999999999,0.9477999999999999,0.023626178967101983
12.0,0.4,0.22455412383753012,85.0,0.6879611764705882,0.9999999999999999,0.4139,0.026696371281068162
12.0,0.45,0.22455412383753012,85.0,0.6977658823529412,0.9999999999999999,0.46070000000000005,0.027615445379890278
12.0,0.5,0.22455412383753012,85.0,0.7072764705882353,0.9999999999999999,0.5026,0.028520492483418095
12.0,0.55,0.22455412383753012,85.0,0.716935294117647,0.9999999999999999,0.5505000000000001,0.02951858137173363
12.0,0.6,0.22455412383753012,85.0,0.7260682352941177,0.9999999999999999,0.6005999999999999,0.030500293308791313
12.0,0.65,0.22455412383753012,85.0,0.7359317647058825,0.9999999999999999,0.6503000000000001,0.03160534353933142
12.0,0.7,0.22455412383753012,85.0,0.7459058823529412,0.9999999999999999,0.6973,0.03277606609336199
12.0,0.75,0.22455412383753012,85.0,0.7562635294117647,0.9999999999999999,0.7417,0.03408059163438212
12.0,0.8,0.22455412383753012,85.0,0.7710564705882353,0.9999999999999999,0.7929999999999999,0.03609293945983735
12.0,0.85,0.22455412383753012,85.0,0.787364705882353,0.9999999999999999,0.8411,0.03849498246233771
12.0,0.9,0.22455412383753012,85.0,0.8053470588235292,0.9999999999999999,0.8864,0.041454053535360386
12.0,0.95,0.22455412383753012,85.0,0.8339152941176471,0.9999999999999999,0.9478999999999999,0.046992141871307395
12.0,0.4,0.22455412383753012,90.0,0.6111099999999999,0.9999999999999999,0.41289999999999993,0.050031474815980644
12.0,0.45,0.22455412383753012,90.0,0.6213944444444444,0.9999999999999999,0.45980000000000004,0.051646340018101075
12.0,0.5,0.22455412383753012,90.0,0.6317222222222223,0.9999999999999999,0.5075999999999999,0.053342154669917693
12.0,0.55,0.22455412383753012,90.0,0.6417355555555555,0.9999999999999999,0.5497,0.05499766372812098
12.0,0.6,0.22455412383753012,90.0,0.6519,0.9999999999999999,0.6001,0.05676660934584597
12.0,0.65,0.22455412383753012,90.0,0.6631077777777777,0.9999999999999999,0.6496,0.058802566108779264
12.0,0.7,0.22455412383753012,90.0,0.6725344444444444,0.9999999999999999,0.69,0.06064078348240308
12.0,0.75,0.22455412383753012,90.0,0.6841111111111111,0.9999999999999999,0.7362000000000001,0.06292017866911723
12.0,0.8,0.22455412383753012,90.0,0.7021344444444444,0.9999999999999999,0.7943000000000001,0.06675108857428329
12.0,0.85,0.22455412383753012,90.0,0.7203988888888889,0.9999999999999999,0.8448,0.07094771309993538
12.0,0.9,0.22455412383753012,90.0,0.7410655555555556,0.9999999999999999,0.8875,0.0761162252454258
12.0,0.95,0.22455412383753012,90.0,0.7756533333333333,0.9999999999999999,0.9486,0.08614891284564506
12.0,0.4,0.22455412383753012,95.0,0.50056,0.9999999999999999,0.41659999999999997,0.0867245026888813
12.0,0.45,0.22455412383753012,95.0,0.5105168421052632,0.9999999999999999,0.46370000000000006,0.08939311499057803
12.0,0.5,0.22455412383753012,95.0,0.5197726315789474,0.9999999999999999,0.503,0.09188417560735096
12.0,0.55,0.22455412383753012,95.0,0.5301452631578948,0.9999999999999999,0.5491,0.09473953927682208
12.0,0.6,0.22455412383753012,95.0,0.540858947368421,0.9999999999999999,0.6035999999999998,0.09773796527404975
12.0,0.65,0.22455412383753012,95.0,0.5519589473684211,0.9999999999999999,0.649,0.10096246140506279
12.0,0.7,0.22455412383753012,95.0,0.5617452631578947,0.9999999999999999,0.6902999999999999,0.10395329067986965
12.0,0.75,0.22455412383753012,95.0,0.5739936842105263,0.9999999999999999,0.7364,0.10774452534056672
12.0,0.8,0.22455412383753012,95.0,0.5925947368421053,0.9999999999999999,0.7929000000000002,0.11391416467702206
12.0,0.85,0.22455412383753012,95.0,0.6134631578947368,0.9999999999999999,0.8463,0.12104224770942604
12.0,0.9,0.22455412383753012,95.0,0.6357915789473684,0.9999999999999999,0.8853,0.1293583215985326
12.0,0.95,0.22455412383753012,95.0,0.6766505263157894,0.9999999999999999,0.9516,0.14656265343280744
12.0,0.4,0.22455412383753012,100.0,0.19726500000000002,0.9999999999999999,0.4170000000000001,0.13652260789836473
12.0,0.45,0.22455412383753012,100.0,0.20277,0.9999999999999999,0.46599999999999997,0.1407737835204324
12.0,0.5,0.22455412383753012,100.0,0.207282,0.9999999999999999,0.5009999999999999,0.14427594254182355
12.0,0.55,0.22455412383753012,100.0,0.21244600000000002,0.9999999999999999,0.549,0.14845644856402043
12.0,0.6,0.22455412383753012,100.0,0.21821700000000002,0.9999999999999999,0.606,0.15305568064729694
12.0,0.65,0.22455412383753012,100.0,0.223938,0.9999999999999999,0.646,0.15773249434953587
12.0,0.7,0.22455412383753012,100.0,0.22925299999999996,0.9999999999999999,0.6830000000000002,0.16208512859752242
12.0,0.75,0.22455412383753012,100.0,0.235984,0.9999999999999999,0.7309999999999999,0.16768935225251524
12.0,0.8,0.22455412383753012,100.0,0.24650800000000003,0.9999999999999999,0.7920000000000001,0.1765272884921045
12.0,0.85,0.22455412383753012,100.0,0.259488,0.9999999999999999,0.8430000000000002,0.1875562034530931
12.0,0.9,0.22455412383753012,100.0,0.274064,0.9999999999999999,0.887,0.2004935859219433
12.0,0.95,0.22455412383753012,100.0,0.29968,0.9999999999999999,0.948,0.22440296366035203
